node,split,p1,p0,feature_path
root,stalk-surface-above-ring_k,0.4665572425112844,0.5334427574887156,None
1,gill-spacing_c,0.9433406916850625,0.05665930831493746,['stalk-surface-above-ring_k']
0,gill-size_b,0.2822190611664296,0.7177809388335704,['stalk-surface-above-ring_k']
1-1,None,1.0,0.0,"['stalk-surface-above-ring_k', 'gill-spacing_c']"
1-0,None,0.0,1.0,"['stalk-surface-above-ring_k', 'gill-spacing_c']"
0-1,None,0.09619084263178146,0.9038091573682185,"['stalk-surface-above-ring_k', 'gill-size_b']"
0-0,None,0.8100436681222707,0.18995633187772926,"['stalk-surface-above-ring_k', 'gill-size_b']"
