node,split,p1,p0,feature_path
root,stalk-surface-above-ring_k,0.482355354944604,0.517644645055396,None
1,ring-number_o,0.9475600873998543,0.05243991260014567,['stalk-surface-above-ring_k']
0,odor_n,0.29991431019708653,0.7000856898029134,['stalk-surface-above-ring_k']
1-1,None,1.0,0.0,"['stalk-surface-above-ring_k', 'ring-number_o']"
1-0,None,0.21739130434782608,0.782608695652174,"['stalk-surface-above-ring_k', 'ring-number_o']"
0-1,None,0.032467532467532464,0.9675324675324676,"['stalk-surface-above-ring_k', 'odor_n']"
0-0,None,0.657104736490994,0.342895263509006,"['stalk-surface-above-ring_k', 'odor_n']"
