node,split,p1,p0,feature_path
root,ring-number_o,0.47599507591300777,0.5240049240869922,None
1,ring-type_f,0.499001996007984,0.500998003992016,['ring-number_o']
0,stalk-surface-above-ring_y,0.1917808219178082,0.8082191780821918,['ring-number_o']
1-1,None,0.0,1.0,"['ring-number_o', 'ring-type_f']"
1-0,None,0.5024564537740063,0.4975435462259937,"['ring-number_o', 'ring-type_f']"
0-1,None,0.0,1.0,"['ring-number_o', 'stalk-surface-above-ring_y']"
0-0,None,0.19607843137254902,0.803921568627451,"['ring-number_o', 'stalk-surface-above-ring_y']"
