node,split,p1,p0,feature_path
root,stalk-color-below-ring_n,0.48871563397620027,0.5112843660237998,None
1,stalk-surface-above-ring_s,0.8709677419354839,0.12903225806451613,['stalk-color-below-ring_n']
0,ring-type_p,0.46275197195442597,0.537248028045574,['stalk-color-below-ring_n']
1-1,None,0.0,1.0,"['stalk-color-below-ring_n', 'stalk-surface-above-ring_s']"
1-0,None,0.9,0.1,"['stalk-color-below-ring_n', 'stalk-surface-above-ring_s']"
0-1,None,0.21844453888652784,0.7815554611134722,"['stalk-color-below-ring_n', 'ring-type_p']"
0-0,None,0.7227498869289914,0.2772501130710086,"['stalk-color-below-ring_n', 'ring-type_p']"
