node,split,p1,p0,feature_path
root,cap-color_y,0.48871563397620027,0.5112843660237998,None
1,stalk-surface-above-ring_s,0.6343402225755167,0.3656597774244833,['cap-color_y']
0,gill-color_b,0.46713780918727915,0.5328621908127208,['cap-color_y']
1-1,None,0.0,1.0,"['cap-color_y', 'stalk-surface-above-ring_s']"
1-0,None,1.0,0.0,"['cap-color_y', 'stalk-surface-above-ring_s']"
0-1,None,1.0,0.0,"['cap-color_y', 'gill-color_b']"
0-0,None,0.2891263356379635,0.7108736643620365,"['cap-color_y', 'gill-color_b']"
