node,split,p1,p0,feature_path
root,stalk-color-below-ring_b,0.48871563397620027,0.5112843660237998,None
1,None,1.0,0.0,['stalk-color-below-ring_b']
0,stalk-color-below-ring_n,0.46142208774583965,0.5385779122541604,['stalk-color-below-ring_b']
1-1,None,0.0,0.0,"['stalk-color-below-ring_b', 'stalk-color-below-ring_g']"
1-0,None,1.0,0.0,"['stalk-color-below-ring_b', 'stalk-color-below-ring_g']"
0-1,None,0.8709677419354839,0.12903225806451613,"['stalk-color-below-ring_b', 'stalk-color-below-ring_n']"
0-0,None,0.43201297197127636,0.5679870280287237,"['stalk-color-below-ring_b', 'stalk-color-below-ring_n']"
