node,split,p1,p0,feature_path
root,stalk-color-above-ring_g,0.48871563397620027,0.5112843660237998,None
1,None,0.0,1.0,['stalk-color-above-ring_g']
0,population_a,0.5239771227452705,0.4760228772547294,['stalk-color-above-ring_g']
1-1,None,0.0,1.0,"['stalk-color-above-ring_g', 'veil-color_w']"
1-0,None,0.0,0.0,"['stalk-color-above-ring_g', 'veil-color_w']"
0-1,None,0.0,1.0,"['stalk-color-above-ring_g', 'population_a']"
0-0,None,0.5525400139178844,0.4474599860821155,"['stalk-color-above-ring_g', 'population_a']"
