node,split,p1,p0,feature_path
root,stalk-color-below-ring_c,0.48871563397620027,0.5112843660237998,None
1,None,1.0,0.0,['stalk-color-below-ring_c']
0,odor_n,0.4862914862914863,0.5137085137085137,['stalk-color-below-ring_c']
1-1,None,1.0,0.0,"['stalk-color-below-ring_c', 'cap-color_c']"
1-0,None,1.0,0.0,"['stalk-color-below-ring_c', 'cap-color_c']"
0-1,None,0.039886039886039885,0.9601139601139601,"['stalk-color-below-ring_c', 'odor_n']"
0-0,None,0.8287795992714025,0.17122040072859745,"['stalk-color-below-ring_c', 'odor_n']"
