node,split,p1,p0,feature_path
root,stalk-color-above-ring_e,0.48871563397620027,0.5112843660237998,None
1,None,0.0,1.0,['stalk-color-above-ring_e']
0,gill-color_u,0.49625,0.50375,['stalk-color-above-ring_e']
1-1,None,0.0,0.0,"['stalk-color-above-ring_e', 'population_v']"
1-0,None,0.0,1.0,"['stalk-color-above-ring_e', 'population_v']"
0-1,None,0.11328125,0.88671875,"['stalk-color-above-ring_e', 'gill-color_u']"
0-0,None,0.5178257042253521,0.4821742957746479,"['stalk-color-above-ring_e', 'gill-color_u']"
