node,split,p1,p0,feature_path
root,stalk-color-above-ring_g,0.48871563397620027,0.5112843660237998,None
1,None,0.0,1.0,['stalk-color-above-ring_g']
0,ring-type_p,0.5239771227452705,0.4760228772547294,['stalk-color-above-ring_g']
1-1,None,0.0,0.0,"['stalk-color-above-ring_g', 'gill-color_g']"
1-0,None,0.0,1.0,"['stalk-color-above-ring_g', 'gill-color_g']"
0-1,None,0.2520843550760177,0.7479156449239823,"['stalk-color-above-ring_g', 'ring-type_p']"
0-0,None,0.7451136816912645,0.25488631830873554,"['stalk-color-above-ring_g', 'ring-type_p']"
