node,split,p1,p0,feature_path
root,cap-color_y,0.48871563397620027,0.5112843660237998,None
1,stalk-color-above-ring_b,0.6343402225755167,0.3656597774244833,['cap-color_y']
0,odor_l,0.46713780918727915,0.5328621908127208,['cap-color_y']
1-1,None,1.0,0.0,"['cap-color_y', 'stalk-color-above-ring_b']"
1-0,None,0.5436507936507936,0.45634920634920634,"['cap-color_y', 'stalk-color-above-ring_b']"
0-1,None,0.0,1.0,"['cap-color_y', 'odor_l']"
0-0,None,0.48002904865649965,0.5199709513435004,"['cap-color_y', 'odor_l']"
